n,Team,Year,# Foreign Players,Wins,Losses,W/L Ratio,Net Wins,Total Foreign Players,ORtg,DRtg,NetRtg,Rel ORtg,Rel DRtg,Top 3 Win,Top 3 Foreign,% Foreign,location
1,Atlanta Hawks,2021,4,41,31,1.32,10,107,115.7,113.3,2.4,3.4,1,,,,E
2,Boston Celtics,2021,2,36,36,1,0,,114,112.5,1.5,1.7,0.2,,,,E
3,Brooklyn Nets,2021,3,48,24,2,24,,118.3,113.8,4.5,6,1.5,,,,E
4,Charlotte Hornets,2021,2,33,39,0.85,-6,,110.9,112.8,-1.9,-1.4,0.5,,,,E
5,Chicago Bulls,2021,3,31,41,0.76,-10,,111.1,112,-0.9,-1.2,-0.3,,,,E
6,Cleveland Cavaliers,2021,4,22,50,0.44,-28,,105.8,114.4,-8.6,-6.5,2.1,,,,E
7,Dallas Mavericks,2021,6,42,30,1.4,12,,115.4,113,2.4,3.1,0.7,,,,W
8,Denver Nuggets,2021,6,47,25,1.88,22,,117.1,112.1,5,4.8,-0.2,,,,W
9,Detroit Pistons,2021,4,20,52,0.38,-32,,108,112.5,-4.5,-4.3,0.2,,,,E
10,Golden State Warriors,2021,3,39,33,1.18,6,,111.1,110.1,1,-1.2,-2.2,,,,W
11,Houston Rockets,2021,1,17,55,0.31,-38,,107.1,114.9,-7.8,-5.2,2.6,,,,W
12,Indiana Pacers,2021,2,34,38,0.89,-4,,112.4,112.4,0,0.1,0.1,,,,E
13,Los Angeles Clippers,2021,4,47,25,1.88,22,,117.6,111.2,6.4,5.3,-1.1,,,,W
14,Los Angeles Lakers,2021,2,42,30,1.4,12,,109.9,107.1,2.8,-2.4,-5.2,,,,W
15,Memphis Grizzlies,2021,4,38,34,1.12,4,,112,111,1,-0.3,-1.3,,,,W
16,Miami Heat,2021,4,40,32,1.25,8,,111.2,111.2,0,-1.1,-1.1,,,,E
17,Milwaukee Bucks,2021,2,46,26,1.77,20,,117.2,111.4,5.8,4.9,-0.9,,,,E
18,Minnesota Timberwolves,2021,3,23,49,0.47,-26,,109.5,115,-5.5,-2.8,2.7,,,,W
19,New Orleans Pelicans,2021,5,31,41,0.76,-10,,113.5,113.8,-0.3,1.2,1.5,,,,W
20,New York Knicks,2021,3,41,31,1.32,10,,110.6,108.2,2.4,-1.7,-4.1,,,,E
21,Oklahoma City Thunder,2021,5,22,50,0.44,-28,,103.5,114,-10.5,-8.8,1.7,,,,W
22,Orlando Magic,2021,3,21,51,0.41,-30,,105.1,114.5,-9.4,-7.2,2.2,,,,E
23,Philadelphia 76ers,2021,4,49,23,2.13,26,,113.2,107.6,5.6,0.9,-4.7,,,,E
24,Phoenix Suns,2021,3,51,21,2.43,30,,117.2,111.3,5.9,4.9,-1,,,,W
25,Portland Trail Blazers,2021,2,42,30,1.4,12,,117.8,116,1.8,5.5,3.7,,,,W
26,Sacramento Kings,2021,3,31,41,0.76,-10,,113.6,117.2,-3.6,1.3,4.9,,,,W
27,San Antonio Spurs,2021,4,33,39,0.85,-6,,111,112.8,-1.8,-1.3,0.5,,,,W
28,Toronto Raptors,2021,5,27,45,0.6,-18,,112,112.5,-0.5,-0.3,0.2,,,,E
29,Utah Jazz,2021,4,52,20,2.6,32,,117.6,108.3,9.3,5.3,-4,,,,W
30,Washington Wizards,2021,7,34,38,0.89,-4,,111.2,113,-1.8,-1.1,0.7,,,,E
31,Atlanta Hawks,2020,2,20,47,0.43,-27,108,107.2,114.8,-7.6,-3.4,4.2,,,,E
32,Boston Celtics,2020,3,48,24,2,24,,113.3,107,6.3,2.7,-3.6,,,,E
33,Brooklyn Nets,2020,3,35,37,0.95,-2,,108.9,109.5,-0.6,-1.7,-1.1,,,,E
34,Charlotte Hornets,2020,3,23,42,0.55,-19,,106.3,113.3,-7,-4.3,2.7,,,,E
35,Chicago Bulls,2020,3,22,43,0.51,-21,,106.7,109.8,-3.1,-3.9,-0.8,,,,E
36,Cleveland Cavaliers,2020,4,19,46,0.41,-27,,107.5,115.4,-7.9,-3.1,4.8,,,,E
37,Dallas Mavericks,2020,7,43,32,1.34,11,,116.7,111.7,5,6.1,1.1,,,,W
38,Denver Nuggets,2020,4,46,27,1.7,19,,113.1,111,2.1,2.5,0.4,,,,W
39,Detroit Pistons,2020,3,20,46,0.43,-26,,109,112.7,-3.7,-1.6,2.1,,,,E
40,Golden State Warriors,2020,1,15,50,0.3,-35,,105.2,113.8,-8.6,-5.4,3.2,,,,W
41,Houston Rockets,2020,3,44,28,1.57,16,,112.9,110.1,2.8,2.3,-0.5,,,,W
42,Indiana Pacers,2020,2,45,28,1.61,17,,110,108,2,-0.6,-2.6,,,,E
43,Los Angeles Clippers,2020,2,49,23,2.13,26,,113.9,107.6,6.3,3.3,-3,,,,W
44,Los Angeles Lakers,2020,0,52,19,2.74,33,,112,106.3,5.7,1.4,-4.3,,,,W
45,Memphis Grizzlies,2020,5,34,39,0.87,-5,,109.2,110.3,-1.1,-1.4,-0.3,,,,W
46,Miami Heat,2020,2,44,29,1.52,15,,112.5,109.5,3,1.9,-1.1,,,,E
47,Milwaukee Bucks,2020,4,56,17,3.29,39,,112.4,102.9,9.5,1.8,-7.7,,,,E
48,Minnesota Timberwolves,2020,3,19,45,0.42,-26,,108.1,112.2,-4.1,-2.5,1.6,,,,W
49,New Orleans Pelicans,2020,2,30,42,0.71,-12,,110.7,111.9,-1.2,0.1,1.3,,,,W
50,New York Knicks,2020,3,21,45,0.47,-24,,106.5,113,-6.5,-4.1,2.4,,,,E
51,Oklahoma City Thunder,2020,5,44,28,1.57,16,,110.8,108.8,2,0.2,-1.8,,,,W
52,Orlando Magic,2020,3,33,40,0.83,-7,,108.5,109.5,-1,-2.1,-1.1,,,,E
53,Philadelphia 76ers,2020,6,43,30,1.43,13,,111.3,109,2.3,0.7,-1.6,,,,E
54,Phoenix Suns,2020,6,34,39,0.87,-5,,111.7,111.4,0.3,1.1,0.8,,,,W
55,Portland Trail Blazers,2020,4,35,39,0.9,-4,,113.7,114.8,-1.1,3.1,4.2,,,,W
56,Sacramento Kings,2020,5,31,41,0.76,-10,,110.2,112.2,-2,-0.4,1.6,,,,W
57,San Antonio Spurs,2020,5,32,39,0.82,-7,,112.4,113.5,-1.1,1.8,2.9,,,,W
58,Toronto Raptors,2020,5,53,19,2.79,34,,111.1,105,6.1,0.5,-5.6,,,,E
59,Utah Jazz,2020,5,44,28,1.57,16,,112.3,109.9,2.4,1.7,-0.7,,,,W
60,Washington Wizards,2020,5,25,47,0.53,-22,,110.9,115.5,-4.6,0.3,4.9,,,,E
61,Atlanta Hawks,2019,1,29,53,0.55,-24,108,108.1,113.9,-5.8,-2.3,3.5,,,,E
62,Boston Celtics,2019,5,49,33,1.48,16,,112.2,107.8,4.4,1.8,-2.6,,,,E
63,Brooklyn Nets,2019,2,42,40,1.05,2,,109.6,109.7,-0.1,-0.8,-0.7,,,,E
64,Charlotte Hornets,2019,4,39,43,0.91,-4,,111.4,112.5,-1.1,1,2.1,,,,E
65,Chicago Bulls,2019,3,22,60,0.37,-38,,104.8,113.2,-8.4,-5.6,2.8,,,,E
66,Cleveland Cavaliers,2019,3,19,63,0.3,-44,,107.7,117.6,-9.9,-2.7,7.2,,,,E
67,Dallas Mavericks,2019,7,33,49,0.67,-16,,109.4,110.7,-1.3,-1,0.3,,,,W
68,Denver Nuggets,2019,4,54,28,1.93,26,,113,108.9,4.1,2.6,-1.5,,,,W
69,Detroit Pistons,2019,2,41,41,1,0,,109,109.2,-0.2,-1.4,-1.2,,,,E
70,Golden State Warriors,2019,1,57,25,2.28,32,,115.9,109.5,6.4,5.5,-0.9,,,,W
71,Houston Rockets,2019,3,53,29,1.83,24,,115.5,110.7,4.8,5.1,0.3,,,,W
72,Indiana Pacers,2019,3,48,34,1.41,14,,109.9,106.5,3.4,-0.5,-3.9,,,,E
73,Los Angeles Clippers,2019,6,48,34,1.41,14,,112.4,111.5,0.9,2,1.1,,,,W
74,Los Angeles Lakers,2019,4,37,45,0.82,-8,,107.8,109.5,-1.7,-2.6,-0.9,,,,W
75,Memphis Grizzlies,2019,3,33,49,0.67,-16,,106.1,108.8,-2.7,-4.3,-1.6,,,,W
76,Miami Heat,2019,2,39,43,0.91,-4,,107.3,107.6,-0.3,-3.1,-2.8,,,,E
77,Milwaukee Bucks,2019,4,60,22,2.73,38,,113.8,105.2,8.6,3.4,-5.2,,,,E
78,Minnesota Timberwolves,2019,4,36,46,0.78,-10,,111.4,112.9,-1.5,1,2.5,,,,W
79,New Orleans Pelicans,2019,2,33,49,0.67,-16,,111.4,112.6,-1.2,1,2.2,,,,W
80,New York Knicks,2019,5,17,65,0.26,-48,,104.5,113.7,-9.2,-5.9,3.3,,,,E
81,Oklahoma City Thunder,2019,5,49,33,1.48,16,,110.3,107,3.3,-0.1,-3.4,,,,W
82,Orlando Magic,2019,4,42,40,1.05,2,,108.9,108.1,0.8,-1.5,-2.3,,,,E
83,Philadelphia 76ers,2019,5,51,31,1.65,20,,112.6,110,2.6,2.2,-0.4,,,,E
84,Phoenix Suns,2019,3,19,63,0.3,-44,,105.9,115.1,-9.2,-4.5,4.7,,,,W
85,Portland Trail Blazers,2019,2,53,29,1.83,24,,114.7,110.5,4.2,4.3,0.1,,,,W
86,Sacramento Kings,2019,4,39,43,0.91,-4,,110.4,111.5,-1.1,0,1.1,,,,W
87,San Antonio Spurs,2019,5,48,34,1.41,14,,112.9,111.2,1.7,2.5,0.8,,,,W
88,Toronto Raptors,2019,4,58,24,2.42,34,,113.1,107.1,6,2.7,-3.3,,,,E
89,Utah Jazz,2019,6,50,32,1.56,18,,110.9,105.7,5.2,0.5,-4.7,,,,W
90,Washington Wizards,2019,2,32,50,0.64,-18,,111.1,113.9,-2.8,0.7,3.5,,,,E
91,Atlanta Hawks,2018,4,24,58,0.41,-34,108,105,110.6,-5.6,-3.6,2,,,,E
92,Boston Celtics,2018,6,55,27,2.04,28,,107.6,103.9,3.7,-1,-4.7,,,,E
93,Brooklyn Nets,2018,1,28,54,0.52,-26,,106.9,110.6,-3.7,-1.7,2,,,,E
94,Charlotte Hornets,2018,1,36,46,0.78,-10,,109.4,109.1,0.3,0.8,0.5,,,,E
95,Chicago Bulls,2018,4,27,55,0.49,-28,,103.8,110.9,-7.1,-4.8,2.3,,,,E
96,Cleveland Cavaliers,2018,4,50,32,1.56,18,,112.9,111.9,1,4.3,3.3,,,,E
97,Dallas Mavericks,2018,5,24,58,0.41,-34,,106.3,109.5,-3.2,-2.3,0.9,,,,W
98,Denver Nuggets,2018,5,46,36,1.28,10,,112.5,111,1.5,3.9,2.4,,,,W
99,Detroit Pistons,2018,1,39,43,0.91,-4,,107.2,107.3,-0.1,-1.4,-1.3,,,,E
100,Golden State Warriors,2018,2,58,24,2.42,34,,113.6,107.6,6,5,-1,,,,W
101,Houston Rockets,2018,4,65,17,3.82,48,,114.7,106.1,8.6,6.1,-2.5,,,,W
102,Indiana Pacers,2018,3,48,34,1.41,14,,109.5,108.1,1.4,0.9,-0.5,,,,E
103,Los Angeles Clippers,2018,2,42,40,1.05,2,,110.3,110.2,0.1,1.7,1.6,,,,W
104,Los Angeles Lakers,2018,4,35,47,0.74,-12,,106.5,108,-1.5,-2.1,-0.6,,,,W
105,Memphis Grizzlies,2018,2,22,60,0.37,-38,,104.5,111,-6.5,-4.1,2.4,,,,W
106,Miami Heat,2018,2,44,38,1.16,6,,106.8,106.3,0.5,-1.8,-2.3,,,,E
107,Milwaukee Bucks,2018,4,44,38,1.16,6,,109.8,110.1,-0.3,1.2,1.5,,,,E
108,Minnesota Timberwolves,2018,3,47,35,1.34,12,,113.4,111.1,2.3,4.8,2.5,,,,W
109,New Orleans Pelicans,2018,3,48,34,1.41,14,,109.6,108.3,1.3,1,-0.3,,,,W
110,New York Knicks,2018,5,29,53,0.55,-24,,107.1,110.7,-3.6,-1.5,2.1,,,,E
111,Oklahoma City Thunder,2018,2,48,34,1.41,14,,110.7,107.2,3.5,2.1,-1.4,,,,W
112,Orlando Magic,2018,5,25,57,0.44,-32,,105.2,110.1,-4.9,-3.4,1.5,,,,E
113,Philadelphia 76ers,2018,6,52,30,1.73,22,,109.5,105,4.5,0.9,-3.6,,,,E
114,Phoenix Suns,2018,2,21,61,0.34,-40,,103.5,112.8,-9.3,-5.1,4.2,,,,W
115,Portland Trail Blazers,2018,1,49,33,1.48,16,,109.1,106.4,2.7,0.5,-2.2,,,,W
116,Sacramento Kings,2018,4,27,55,0.49,-28,,103.7,111.1,-7.4,-4.9,2.5,,,,W
117,San Antonio Spurs,2018,6,47,35,1.34,12,,107.9,104.8,3.1,-0.7,-3.8,,,,W
118,Toronto Raptors,2018,7,59,23,2.57,36,,113.8,105.9,7.9,5.2,-2.7,,,,E
119,Utah Jazz,2018,7,48,34,1.41,14,,108.4,103.9,4.5,-0.2,-4.7,,,,W
120,Washington Wizards,2018,3,43,39,1.1,4,,109.3,108.7,0.6,0.7,0.1,,,,E
121,Atlanta Hawks,2017,4,43,39,1.1,4,113,104.9,105.7,-0.8,-3.9,-3.1,,,,E
122,Boston Celtics,2017,3,53,29,1.83,24,,111.2,108.4,2.8,2.4,-0.4,,,,E
123,Brooklyn Nets,2017,4,20,62,0.32,-42,,104.1,110.7,-6.6,-4.7,1.9,,,,E
124,Charlotte Hornets,2017,2,36,46,0.78,-10,,108.8,108.6,0.2,0,-0.2,,,,E
125,Chicago Bulls,2017,3,41,41,1,0,,107.4,107,0.4,-1.4,-1.8,,,,E
126,Cleveland Cavaliers,2017,2,51,31,1.65,20,,113.6,110.3,3.3,4.8,1.5,,,,E
127,Dallas Mavericks,2017,6,33,49,0.67,-16,,105.6,108.8,-3.2,-3.2,0,,,,W
128,Denver Nuggets,2017,6,40,42,0.95,-2,,113.2,112.7,0.5,4.4,3.9,,,,W
129,Detroit Pistons,2017,3,37,45,0.82,-8,,106,107.1,-1.1,-2.8,-1.7,,,,E
130,Golden State Warriors,2017,2,67,15,4.47,52,,115.6,104,11.6,6.8,-4.8,,,,W
131,Houston Rockets,2017,3,55,27,2.04,28,,114.7,109,5.7,5.9,0.2,,,,W
132,Indiana Pacers,2017,1,42,40,1.05,2,,108.6,108.8,-0.2,-0.2,0,,,,E
133,Los Angeles Clippers,2017,1,51,31,1.65,20,,112.7,108.2,4.5,3.9,-0.6,,,,W
134,Los Angeles Lakers,2017,5,26,56,0.46,-30,,106,113,-7,-2.8,4.2,,,,W
135,Memphis Grizzlies,2017,1,43,39,1.1,4,,107.7,107.1,0.6,-1.1,-1.7,,,,W
136,Miami Heat,2017,1,41,41,1,0,,107.8,106.7,1.1,-1,-2.1,,,,E
137,Milwaukee Bucks,2017,4,42,40,1.05,2,,109.1,109.3,-0.2,0.3,0.5,,,,E
138,Minnesota Timberwolves,2017,5,31,51,0.61,-20,,110.8,112,-1.2,2,3.2,,,,W
139,New Orleans Pelicans,2017,4,34,48,0.71,-14,,105.2,107.4,-2.2,-3.6,-1.4,,,,W
140,New York Knicks,2017,5,31,51,0.61,-20,,107.7,111.5,-3.8,-1.1,2.7,,,,E
141,Oklahoma City Thunder,2017,6,47,35,1.34,12,,108.3,107.5,0.8,-0.5,-1.3,,,,W
142,Orlando Magic,2017,6,29,53,0.55,-24,,103.7,110.5,-6.8,-5.1,1.7,,,,E
143,Philadelphia 76ers,2017,6,28,54,0.52,-26,,103.2,108.9,-5.7,-5.6,0.1,,,,E
144,Phoenix Suns,2017,3,24,58,0.41,-34,,106.6,112.2,-5.6,-2.2,3.4,,,,W
145,Portland Trail Blazers,2017,1,41,41,1,0,,110.3,110.8,-0.5,1.5,2,,,,W
146,Sacramento Kings,2017,3,32,50,0.64,-18,,107.3,111.3,-4,-1.5,2.5,,,,W
147,San Antonio Spurs,2017,6,61,21,2.9,40,,111.1,103.5,7.6,2.3,-5.3,,,,W
148,Toronto Raptors,2017,6,51,31,1.65,20,,112.3,107.8,4.5,3.5,-1,,,,E
149,Utah Jazz,2017,7,51,31,1.65,20,,109.6,105.3,4.3,0.8,-3.5,,,,W
150,Washington Wizards,2017,4,49,33,1.48,16,,111.2,109.3,1.9,2.4,0.5,,,,E
151,Atlanta Hawks,2016,5,48,34,1.41,14,100,105.1,101.4,3.7,-1.3,-5,,,,E
152,Boston Celtics,2016,2,48,34,1.41,14,,106.8,103.6,3.2,0.4,-2.8,,,,E
153,Brooklyn Nets,2016,3,21,61,0.34,-40,,103.2,110.9,-7.7,-3.2,4.5,,,,E
154,Charlotte Hornets,2016,1,48,34,1.41,14,,107.1,104.3,2.8,0.7,-2.1,,,,E
155,Chicago Bulls,2016,4,42,40,1.05,2,,105,106.5,-1.5,-1.4,0.1,,,,E
156,Cleveland Cavaliers,2016,6,57,25,2.28,32,,110.9,104.5,6.4,4.5,-1.9,,,,E
157,Dallas Mavericks,2016,5,42,40,1.05,2,,106.7,107,-0.3,0.3,0.6,,,,W
158,Denver Nuggets,2016,5,33,49,0.67,-16,,105.6,108.9,-3.3,-0.8,2.5,,,,W
159,Detroit Pistons,2016,3,44,38,1.16,6,,106.1,105.5,0.6,-0.3,-0.9,,,,E
160,Golden State Warriors,2016,3,73,9,8.11,64,,114.5,103.8,10.7,8.1,-2.6,,,,W
161,Houston Rockets,2016,2,41,41,1,0,,108.3,108.1,0.2,1.9,1.7,,,,W
162,Indiana Pacers,2016,1,45,37,1.22,8,,104.6,102.9,1.7,-1.8,-3.5,,,,E
163,Los Angeles Clippers,2016,2,53,29,1.83,24,,108.3,103.8,4.5,1.9,-2.6,,,,W
164,Los Angeles Lakers,2016,2,17,65,0.26,-48,,101.6,111.6,-10,-4.8,5.2,,,,W
165,Memphis Grizzlies,2016,2,42,40,1.05,2,,105.4,107.8,-2.4,-1,1.4,,,,W
166,Miami Heat,2016,2,48,34,1.41,14,,106.1,104.4,1.7,-0.3,-2,,,,E
167,Milwaukee Bucks,2016,4,33,49,0.67,-16,,104.3,108.7,-4.4,-2.1,2.3,,,,E
168,Minnesota Timberwolves,2016,6,29,53,0.55,-24,,106.5,110.1,-3.6,0.1,3.7,,,,W
169,New Orleans Pelicans,2016,2,30,52,0.58,-22,,105.6,109.5,-3.9,-0.8,3.1,,,,W
170,New York Knicks,2016,4,32,50,0.64,-18,,104.6,107.6,-3,-1.8,1.2,,,,E
171,Oklahoma City Thunder,2016,3,55,27,2.04,28,,113.1,105.6,7.5,6.7,-0.8,,,,W
172,Orlando Magic,2016,4,35,47,0.74,-12,,105.1,106.8,-1.7,-1.3,0.4,,,,E
173,Philadelphia 76ers,2016,2,10,72,0.14,-62,,98.8,109.2,-10.4,-7.6,2.8,,,,E
174,Phoenix Suns,2016,2,23,59,0.39,-36,,102.2,109,-6.8,-4.2,2.6,,,,W
175,Portland Trail Blazers,2016,1,44,38,1.16,6,,108.8,108,0.8,2.4,1.6,,,,W
176,Sacramento Kings,2016,3,33,49,0.67,-16,,106,108.4,-2.4,-0.4,2,,,,W
177,San Antonio Spurs,2016,6,67,15,4.47,52,,110.3,99,11.3,3.9,-7.4,,,,W
178,Toronto Raptors,2016,7,56,26,2.15,30,,110,105.2,4.8,3.6,-1.2,,,,E
179,Utah Jazz,2016,6,40,42,0.95,-2,,105.9,103.9,2,-0.5,-2.5,,,,W
180,Washington Wizards,2016,2,41,41,1,0,,105.3,105.8,-0.5,-1.1,-0.6,,,,E
181,Atlanta Hawks,2015,4,60,22,2.73,38,,108.9,103.1,5.8,3.3,-2.5,,,,E
182,Boston Celtics,2015,3,40,42,0.95,-2,,104.7,104.5,0.2,-0.9,-1.1,,,,E
183,Brooklyn Nets,2015,6,38,44,0.86,-6,,104.4,107.4,-3,-1.2,1.8,,,,E
184,Charlotte Hornets,2015,2,33,49,0.67,-16,,100.1,103.5,-3.4,-5.5,-2.1,,,,E
185,Chicago Bulls,2015,3,50,32,1.56,18,,107.5,104.3,3.2,1.9,-1.3,,,,E
186,Cleveland Cavaliers,2015,4,53,29,1.83,24,,111.1,106.3,4.8,5.5,0.7,,,,E
187,Dallas Mavericks,2015,2,50,32,1.56,18,,109.5,106.4,3.1,3.9,0.8,,,,W
188,Denver Nuggets,2015,3,30,52,0.58,-22,,104.5,108.2,-3.7,-1.1,2.6,,,,W
189,Detroit Pistons,2015,3,32,50,0.64,-18,,105.3,106.4,-1.1,-0.3,0.8,,,,E
190,Golden State Warriors,2015,5,67,15,4.47,52,,111.6,101.4,10.2,6,-4.2,,,,W
191,Houston Rockets,2015,4,56,26,2.15,30,,107,103.4,3.6,1.4,-2.2,,,,W
192,Indiana Pacers,2015,3,38,44,0.86,-6,,103.5,103.2,0.3,-2.1,-2.4,,,,E
193,Los Angeles Clippers,2015,1,56,26,2.15,30,,112.4,105.5,6.9,6.8,-0.1,,,,W
194,Los Angeles Lakers,2015,2,21,61,0.34,-40,,103.4,110.6,-7.2,-2.2,5,,,,W
195,Memphis Grizzlies,2015,2,55,27,2.04,28,,105.7,102.2,3.5,0.1,-3.4,,,,W
196,Miami Heat,2015,1,37,45,0.82,-8,,103.9,106.7,-2.8,-1.7,1.1,,,,E
197,Milwaukee Bucks,2015,4,41,41,1,0,,102.7,102.2,0.5,-2.9,-3.4,,,,E
198,Minnesota Timberwolves,2015,6,16,66,0.24,-50,,102.9,112.2,-9.3,-2.7,6.6,,,,W
199,New Orleans Pelicans,2015,2,45,37,1.22,8,,108.2,107.3,0.9,2.6,1.7,,,,W
200,New York Knicks,2015,4,17,65,0.26,-48,,99.9,110,-10.1,-5.7,4.4,,,,E
201,Oklahoma City Thunder,2015,2,45,37,1.22,8,,107.8,105.5,2.3,2.2,-0.1,,,,W
202,Orlando Magic,2015,3,25,57,0.44,-32,,101.6,107.7,-6.1,-4,2.1,,,,E
203,Philadelphia 76ers,2015,3,18,64,0.28,-46,,95.5,104.8,-9.3,-10.1,-0.8,,,,E
204,Phoenix Suns,2015,4,39,43,0.91,-4,,105.3,106.2,-0.9,-0.3,0.6,,,,W
205,Portland Trail Blazers,2015,3,51,31,1.65,20,,108.2,103.7,4.5,2.6,-1.9,,,,W
206,Sacramento Kings,2015,2,29,53,0.55,-24,,105.3,109.2,-3.9,-0.3,3.6,,,,W
207,San Antonio Spurs,2015,9,55,27,2.04,28,,108.5,102,6.5,2.9,-3.6,,,,W
208,Toronto Raptors,2015,4,49,33,1.48,16,,111,107.7,3.3,5.4,2.1,,,,E
209,Utah Jazz,2015,4,38,44,0.86,-6,,105.1,104.9,0.2,-0.5,-0.7,,,,W
210,Washington Wizards,2015,3,46,36,1.28,10,,103.7,103,0.7,-1.9,-2.6,,,,E
211,Atlanta Hawks,2014,4,38,44,0.86,-6,,105.9,106.4,-0.5,-0.8,-0.3,,,,E
212,Boston Celtics,2014,2,25,57,0.44,-32,,102.9,107.7,-4.8,-3.8,1,,,,E
213,Brooklyn Nets,2014,3,44,38,1.16,6,,106.7,107.7,-1,0,1,,,,E
214,Charlotte Hornets,2014,2,43,39,1.1,4,,103.6,103.8,-0.2,-3.1,-2.9,,,,E
215,Chicago Bulls,2014,2,48,34,1.41,14,,102.5,100.5,2,-4.2,-6.2,,,,E
216,Cleveland Cavaliers,2014,6,33,49,0.67,-16,,104.2,107.7,-3.5,-2.5,1,,,,E
217,Dallas Mavericks,2014,4,49,33,1.48,16,,111.2,108.7,2.5,4.5,2,,,,W
218,Denver Nuggets,2014,3,36,46,0.78,-10,,106,108.2,-2.2,-0.7,1.5,,,,W
219,Detroit Pistons,2014,2,29,53,0.55,-24,,105.9,109.7,-3.8,-0.8,3,,,,E
220,Golden State Warriors,2014,4,51,31,1.65,20,,107.5,102.6,4.9,0.8,-4.1,,,,W
221,Houston Rockets,2014,4,54,28,1.93,26,,111,106.3,4.7,4.3,-0.4,,,,W
222,Indiana Pacers,2014,2,56,26,2.15,30,,104.1,99.3,4.8,-2.6,-7.4,,,,E
223,Los Angeles Clippers,2014,0,57,25,2.28,32,,112.1,104.8,7.3,5.4,-1.9,,,,W
224,Los Angeles Lakers,2014,4,27,55,0.49,-28,,104.2,110.6,-6.4,-2.5,3.9,,,,W
225,Memphis Grizzlies,2014,1,50,32,1.56,18,,106.3,104.6,1.7,-0.4,-2.1,,,,W
226,Miami Heat,2014,1,54,28,1.93,26,,110.9,105.8,5.1,4.2,-0.9,,,,E
227,Milwaukee Bucks,2014,5,15,67,0.22,-52,,103,111.8,-8.8,-3.7,5.1,,,,E
228,Minnesota Timberwolves,2014,6,40,42,0.95,-2,,108.9,106.2,2.7,2.2,-0.5,,,,W
229,New Orleans Pelicans,2014,0,34,48,0.71,-14,,107.2,110.1,-2.9,0.5,3.4,,,,W
230,New York Knicks,2014,3,37,45,0.82,-8,,108.3,109.1,-0.8,1.6,2.4,,,,E
231,Oklahoma City Thunder,2014,4,59,23,2.57,36,,110.5,103.9,6.6,3.8,-2.8,,,,W
232,Orlando Magic,2014,3,23,59,0.39,-36,,101.7,107.4,-5.7,-5,0.7,,,,E
233,Philadelphia 76ers,2014,0,19,63,0.3,-44,,99.4,109.9,-10.5,-7.3,3.2,,,,E
234,Phoenix Suns,2014,3,48,34,1.41,14,,109.5,106.7,2.8,2.8,0,,,,W
235,Portland Trail Blazers,2014,3,54,28,1.93,26,,111.5,107.4,4.1,4.8,0.7,,,,W
236,Sacramento Kings,2014,3,28,54,0.52,-26,,105.7,108.8,-3.1,-1,2.1,,,,W
237,San Antonio Spurs,2014,10,62,20,3.1,42,,110.5,102.4,8.1,3.8,-4.3,,,,W
238,Toronto Raptors,2014,1,48,34,1.41,14,,108.8,105.3,3.5,2.1,-1.4,,,,E
239,Utah Jazz,2014,3,25,57,0.44,-32,,103.5,111.3,-7.8,-3.2,4.6,,,,W
240,Washington Wizards,2014,4,44,38,1.16,6,,106,104.6,1.4,-0.7,-2.1,,,,E
241,Atlanta Hawks,2013,3,44,38,1.16,6,,104.8,104.4,0.4,-1.1,-1.5,,,,E
242,Boston Celtics,2013,4,41,40,1.03,1,,103.1,103.3,-0.2,-2.8,-2.6,,,,E
243,Brooklyn Nets,2013,3,49,33,1.48,16,,108.2,106.2,2,2.3,0.3,,,,E
244,Charlotte Hornets,2013,4,21,61,0.34,-40,,101.5,111.5,-10,-4.4,5.6,,,,E
245,Chicago Bulls,2013,0,45,37,1.22,8,,103.5,103.2,0.3,-2.4,-2.7,,,,E
246,Cleveland Cavaliers,2013,5,24,58,0.41,-34,,104.3,109.4,-5.1,-1.6,3.5,,,,E
247,Dallas Mavericks,2013,2,41,41,1,0,,105.9,106.5,-0.6,0,0.6,,,,W
248,Denver Nuggets,2013,4,57,25,2.28,32,,110.4,105.1,5.3,4.5,-0.8,,,,W
249,Detroit Pistons,2013,3,29,53,0.55,-24,,103.8,108.1,-4.3,-2.1,2.2,,,,E
250,Golden State Warriors,2013,3,47,35,1.34,12,,106.4,105.5,0.9,0.5,-0.4,,,,W
251,Houston Rockets,2013,5,45,37,1.22,8,,109.7,106.1,3.6,3.8,0.2,,,,W
252,Indiana Pacers,2013,1,49,32,1.53,17,,104.3,99.8,4.5,-1.6,-6.1,,,,E
253,Los Angeles Clippers,2013,1,56,26,2.15,30,,110.6,103.6,7,4.7,-2.3,,,,W
254,Los Angeles Lakers,2013,2,45,37,1.22,8,,107.8,106.6,1.2,1.9,0.7,,,,W
255,Memphis Grizzlies,2013,2,56,26,2.15,30,,104.9,100.3,4.6,-1,-5.6,,,,W
256,Miami Heat,2013,0,66,16,4.13,50,,112.3,103.7,8.6,6.4,-2.2,,,,E
257,Milwaukee Bucks,2013,5,38,44,0.86,-6,,103.6,105.2,-1.6,-2.3,-0.7,,,,E
258,Minnesota Timberwolves,2013,6,31,51,0.61,-20,,102.9,105.4,-2.5,-3,-0.5,,,,W
259,New Orleans Pelicans,2013,2,27,55,0.49,-28,,105.7,110.1,-4.4,-0.2,4.2,,,,W
260,New York Knicks,2013,1,54,28,1.93,26,,111.1,106.3,4.8,5.2,0.4,,,,E
261,Oklahoma City Thunder,2013,3,60,22,2.73,38,,112.4,102.6,9.8,6.5,-3.3,,,,W
262,Orlando Magic,2013,5,20,62,0.32,-42,,101.6,109.1,-7.5,-4.3,3.2,,,,E
263,Philadelphia 76ers,2013,0,34,48,0.71,-14,,102,105.7,-3.7,-3.9,-0.2,,,,E
264,Phoenix Suns,2013,4,25,57,0.44,-32,,101.2,108.1,-6.9,-4.7,2.2,,,,W
265,Portland Trail Blazers,2013,4,33,49,0.67,-16,,105.8,109.2,-3.4,-0.1,3.3,,,,W
266,Sacramento Kings,2013,1,28,54,0.52,-26,,106.2,111.4,-5.2,0.3,5.5,,,,W
267,San Antonio Spurs,2013,9,58,24,2.42,34,,108.3,101.6,6.7,2.4,-4.3,,,,W
268,Toronto Raptors,2013,5,34,48,0.71,-14,,105.9,107.5,-1.6,0,1.6,,,,E
269,Utah Jazz,2013,1,43,39,1.1,4,,106.7,106.8,-0.1,0.8,0.9,,,,W
270,Washington Wizards,2013,3,29,53,0.55,-24,,100.2,103,-2.8,-5.7,-2.9,,,,E
271,Atlanta Hawks,2012,3,40,26,1.54,14,,104.9,101.2,3.7,0.3,-3.4,,,,E
272,Boston Celtics,2012,2,39,27,1.44,12,,101,98.2,2.8,-3.6,-6.4,,,,E
273,Brooklyn Nets,2012,2,7,59,0.12,-52,,102.9,109.6,-6.7,-1.7,5,,,,E
274,Charlotte Hornets,2012,4,50,16,3.13,34,,95.2,110.4,-15.2,-9.4,5.8,,,,E
275,Chicago Bulls,2012,3,21,45,0.47,-24,,107.4,98.3,9.1,2.8,-6.3,,,,E
276,Cleveland Cavaliers,2012,7,36,30,1.2,6,,101.1,108.9,-7.8,-3.5,4.3,,,,E
277,Dallas Mavericks,2012,5,38,28,1.36,10,,103.3,102.3,1,-1.3,-2.3,,,,W
278,Denver Nuggets,2012,4,25,41,0.61,-16,,109.2,106.2,3,4.6,1.6,,,,W
279,Detroit Pistons,2012,2,23,43,0.53,-20,,101,106.3,-5.3,-3.6,1.7,,,,E
280,Golden State Warriors,2012,1,34,32,1.06,2,,105.4,109.1,-3.7,0.8,4.5,,,,W
281,Houston Rockets,2012,4,42,24,1.75,18,,105.5,105.2,0.3,0.9,0.6,,,,W
282,Indiana Pacers,2012,2,40,26,1.54,14,,106.7,103.1,3.6,2.1,-1.5,,,,E
283,Los Angeles Clippers,2012,0,41,25,1.64,16,,108.5,105.7,2.8,3.9,1.1,,,,W
284,Los Angeles Lakers,2012,2,41,25,1.64,16,,106,104.4,1.6,1.4,-0.2,,,,W
285,Memphis Grizzlies,2012,2,46,20,2.3,26,,104,101.8,2.2,-0.6,-2.8,,,,W
286,Miami Heat,2012,2,31,35,0.89,-4,,106.6,100.2,6.4,2,-4.4,,,,E
287,Milwaukee Bucks,2012,5,26,40,0.65,-14,,105.5,105.2,0.3,0.9,0.6,,,,E
288,Minnesota Timberwolves,2012,4,22,44,0.5,-22,,104.3,106.6,-2.3,-0.3,2,,,,W
289,New Orleans Pelicans,2012,4,21,45,0.47,-24,,100.9,105.1,-4.2,-3.7,0.5,,,,W
290,New York Knicks,2012,2,36,30,1.2,6,,104.4,101,3.4,-0.2,-3.6,,,,E
291,Oklahoma City Thunder,2012,2,47,19,2.47,28,,109.8,103.2,6.6,5.2,-1.4,,,,W
292,Orlando Magic,2012,1,37,29,1.28,8,,105,104.1,0.9,0.4,-0.5,,,,E
293,Philadelphia 76ers,2012,3,35,31,1.13,4,,103.9,99.2,4.7,-0.7,-5.4,,,,E
294,Phoenix Suns,2012,2,33,33,1,0,,106.2,106.5,-0.3,1.6,1.9,,,,W
295,Portland Trail Blazers,2012,2,28,38,0.74,-10,,105.7,106.4,-0.7,1.1,1.8,,,,W
296,Sacramento Kings,2012,2,22,44,0.5,-22,,103.8,109.8,-6,-0.8,5.2,,,,W
297,San Antonio Spurs,2012,7,50,16,3.13,34,,110.9,103.2,7.7,6.3,-1.4,,,,W
298,Toronto Raptors,2012,7,23,43,0.53,-20,,100.8,104.5,-3.7,-3.8,-0.1,,,,E
299,Utah Jazz,2012,2,36,30,1.2,6,,106.8,106.1,0.7,2.2,1.5,,,,W
300,Washington Wizards,2012,5,20,46,0.43,-26,,101,106.2,-5.2,-3.6,1.6,,,,E
301,Atlanta Hawks,2011,3,44,38,1.16,6,,106.1,107,-0.9,-1.5,-0.3,,,,E
302,Boston Celtics,2011,4,56,26,2.15,30,,106.2,100.3,5.9,-1.4,-7,,,,E
303,Brooklyn Nets,2011,3,34,48,0.71,-14,,103.1,109.9,-6.8,-4.5,2.6,,,,E
304,Charlotte Hornets,2011,3,62,20,3.1,42,,103.4,107.8,-4.4,-4.2,0.5,,,,E
305,Chicago Bulls,2011,3,19,63,0.3,-44,,108.3,100.3,8,0.7,-7,,,,E
306,Cleveland Cavaliers,2011,4,57,25,2.28,32,,102.2,111.8,-9.6,-5.4,4.5,,,,E
307,Dallas Mavericks,2011,7,50,32,1.56,18,,109.7,105,4.7,2.1,-2.3,,,,W
308,Denver Nuggets,2011,4,30,52,0.58,-22,,112.3,107.3,5,4.7,0,,,,W
309,Detroit Pistons,2011,1,36,46,0.78,-10,,107.7,111.7,-4,0.1,4.4,,,,E
310,Golden State Warriors,2011,3,43,39,1.1,4,,108.2,110.7,-2.5,0.6,3.4,,,,W
311,Houston Rockets,2011,4,37,45,0.82,-8,,111.3,109,2.3,3.7,1.7,,,,W
312,Indiana Pacers,2011,0,32,50,0.64,-18,,104.8,106,-1.2,-2.8,-1.3,,,,E
313,Los Angeles Clippers,2011,0,57,25,2.28,32,,105.3,108.7,-3.4,-2.3,1.4,,,,W
314,Los Angeles Lakers,2011,2,46,36,1.28,10,,111,104.3,6.7,3.4,-3,,,,W
315,Memphis Grizzlies,2011,5,58,24,2.42,34,,107.6,105.1,2.5,0,-2.2,,,,W
316,Miami Heat,2011,4,35,47,0.74,-12,,111.7,103.5,8.2,4.1,-3.8,,,,E
317,Milwaukee Bucks,2011,4,17,65,0.26,-48,,101.6,102.5,-0.9,-6,-4.8,,,,E
318,Minnesota Timberwolves,2011,3,24,58,0.41,-34,,104.2,111.1,-6.9,-3.4,3.8,,,,W
319,New Orleans Pelicans,2011,6,46,36,1.28,10,,106.2,105.2,1,-1.4,-2.1,,,,W
320,New York Knicks,2011,4,42,40,1.05,2,,110.9,110.1,0.8,3.3,2.8,,,,E
321,Oklahoma City Thunder,2011,3,55,27,2.04,28,,111.2,107.2,4,3.6,-0.1,,,,W
322,Orlando Magic,2011,3,52,30,1.73,22,,107.9,102,5.9,0.3,-5.3,,,,E
323,Philadelphia 76ers,2011,2,41,41,1,0,,106.6,105,1.6,-1,-2.3,,,,E
324,Phoenix Suns,2011,5,40,42,0.95,-2,,109.5,110.4,-0.9,1.9,3.1,,,,W
325,Portland Trail Blazers,2011,5,48,34,1.41,14,,108.8,107.1,1.7,1.2,-0.2,,,,W
326,Sacramento Kings,2011,5,24,58,0.41,-34,,103.5,109,-5.5,-4.1,1.7,,,,W
327,San Antonio Spurs,2011,4,61,21,2.9,40,,111.8,105.6,6.2,4.2,-1.7,,,,W
328,Toronto Raptors,2011,8,22,60,0.37,-38,,106.1,112.9,-6.8,-1.5,5.6,,,,E
329,Utah Jazz,2011,5,39,43,0.91,-4,,108.1,110.1,-2,0.5,2.8,,,,W
330,Washington Wizards,2011,3,23,59,0.39,-36,,102.4,110.2,-7.8,-5.2,2.9,,,,E
